time_min,OD_mean,OD_std,strain,pos_selection
6.166666666666667,0.009671323529411519,0.0009278574999588496,MG1655_1,0_µg/ml_tc
13.166666666666666,0.010204656862744852,0.0007768193328323326,MG1655_1,0_µg/ml_tc
20.166666666666668,0.011037990196078186,0.0007580980435789029,MG1655_1,0_µg/ml_tc
27.166666666666668,0.011804656862744851,0.000844862771962567,MG1655_1,0_µg/ml_tc
34.166666666666664,0.01267132352941152,0.0007648904962570558,MG1655_1,0_µg/ml_tc
41.166666666666664,0.013571323529411518,0.000730296743340222,MG1655_1,0_µg/ml_tc
48.166666666666664,0.014504656862744854,0.0008051557998728985,MG1655_1,0_µg/ml_tc
55.166666666666664,0.015704656862744856,0.0008304547985374004,MG1655_1,0_µg/ml_tc
62.166666666666664,0.01683799019607819,0.0008603661343041535,MG1655_1,0_µg/ml_tc
69.16666666666667,0.018071323529411522,0.0009278574999588489,MG1655_1,0_µg/ml_tc
76.16666666666667,0.019271323529411518,0.0008976341829703123,MG1655_1,0_µg/ml_tc
83.16666666666667,0.020237990196078182,0.0008603661343041506,MG1655_1,0_µg/ml_tc
90.16666666666667,0.021337990196078176,0.0008502873077655144,MG1655_1,0_µg/ml_tc
97.16666666666666,0.022504656862744842,0.0008866830868758721,MG1655_1,0_µg/ml_tc
104.16666666666666,0.023704656862744842,0.0009097176522946847,MG1655_1,0_µg/ml_tc
111.16666666666666,0.02487132352941151,0.0010199166069132675,MG1655_1,0_µg/ml_tc
118.16666666666666,0.026204656862744844,0.0010422125006694775,MG1655_1,0_µg/ml_tc
125.16666666666667,0.02760465686274484,0.0010288929437289257,MG1655_1,0_µg/ml_tc
132.16666666666666,0.029171323529411507,0.0010416609195243766,MG1655_1,0_µg/ml_tc
139.16666666666666,0.03080465686274484,0.001155198146908437,MG1655_1,0_µg/ml_tc
146.16666666666666,0.03223799019607817,0.0011058881072455366,MG1655_1,0_µg/ml_tc
153.16666666666666,0.0342713235294115,0.0012780193008453868,MG1655_1,0_µg/ml_tc
160.16666666666666,0.0359713235294115,0.0014125870942531572,MG1655_1,0_µg/ml_tc
167.16666666666666,0.03830465686274484,0.0016733200530681524,MG1655_1,0_µg/ml_tc
174.16666666666666,0.04063799019607819,0.0018557149999177,MG1655_1,0_µg/ml_tc
181.16666666666666,0.043237990196078185,0.0019250317208910576,MG1655_1,0_µg/ml_tc
188.16666666666666,0.045937990196078186,0.0020625283000496584,MG1655_1,0_µg/ml_tc
195.16666666666666,0.04890465686274485,0.0024968946230509367,MG1655_1,0_µg/ml_tc
202.16666666666666,0.052104656862744875,0.002823546315027159,MG1655_1,0_µg/ml_tc
209.16666666666666,0.055571323529411534,0.003256117143251258,MG1655_1,0_µg/ml_tc
216.16666666666666,0.05950465686274486,0.0035950157066464246,MG1655_1,0_µg/ml_tc
223.16666666666666,0.06350465686274485,0.0038720929028467107,MG1655_1,0_µg/ml_tc
230.16666666666666,0.06807132352941153,0.004358767093423629,MG1655_1,0_µg/ml_tc
237.16666666666666,0.07270465686274484,0.004777822328937792,MG1655_1,0_µg/ml_tc
244.16666666666666,0.0777379901960782,0.0051694282571428584,MG1655_1,0_µg/ml_tc
251.16666666666666,0.08290465686274485,0.005773900850766551,MG1655_1,0_µg/ml_tc
258.1666666666667,0.08843799019607818,0.006180800825991299,MG1655_1,0_µg/ml_tc
265.1666666666667,0.09423799019607815,0.00662145589435734,MG1655_1,0_µg/ml_tc
272.1666666666667,0.09980465686274484,0.006954780048085007,MG1655_1,0_µg/ml_tc
279.1666666666667,0.10603799019607818,0.007457157327178956,MG1655_1,0_µg/ml_tc
286.1666666666667,0.11260465686274479,0.007751974164577429,MG1655_1,0_µg/ml_tc
293.1666666666667,0.11957132352941151,0.007798025096285528,MG1655_1,0_µg/ml_tc
300.1666666666667,0.12723799019607818,0.00790780205451131,MG1655_1,0_µg/ml_tc
307.1666666666667,0.1358713235294115,0.008505914102119982,MG1655_1,0_µg/ml_tc
314.1666666666667,0.1440713235294115,0.00866416851705656,MG1655_1,0_µg/ml_tc
321.1666666666667,0.1535379901960782,0.010356018850735142,MG1655_1,0_µg/ml_tc
328.1666666666667,0.16357132352941145,0.012497539987818657,MG1655_1,0_µg/ml_tc
335.1666666666667,0.17393799019607814,0.014500138723077989,MG1655_1,0_µg/ml_tc
342.1666666666667,0.18640465686274482,0.016942397338812677,MG1655_1,0_µg/ml_tc
349.1666666666667,0.19920465686274483,0.01988197936444649,MG1655_1,0_µg/ml_tc
356.1666666666667,0.2127713235294115,0.022526510563354456,MG1655_1,0_µg/ml_tc
363.1666666666667,0.22907132352941142,0.025222435734238994,MG1655_1,0_µg/ml_tc
370.1666666666667,0.24437132352941152,0.028045939325393947,MG1655_1,0_µg/ml_tc
377.1666666666667,0.2605713235294116,0.030736626846240924,MG1655_1,0_µg/ml_tc
384.1666666666667,0.2788046568627449,0.032585537303830216,MG1655_1,0_µg/ml_tc
391.1666666666667,0.2991379901960783,0.03414743220853923,MG1655_1,0_µg/ml_tc
398.1666666666667,0.31890465686274483,0.037739944995665554,MG1655_1,0_µg/ml_tc
405.1666666666667,0.3394046568627449,0.044194827283525945,MG1655_1,0_µg/ml_tc
412.1666666666667,0.36123799019607816,0.04779029863558253,MG1655_1,0_µg/ml_tc
419.1666666666667,0.3820713235294116,0.055181508230336664,MG1655_1,0_µg/ml_tc
426.1666666666667,0.40530465686274497,0.060440680522881,MG1655_1,0_µg/ml_tc
433.1666666666667,0.43230465686274494,0.061434349596498766,MG1655_1,0_µg/ml_tc
440.1666666666667,0.46003799019607816,0.06570904169838075,MG1655_1,0_µg/ml_tc
447.1666666666667,0.48997132352941136,0.06592364095513543,MG1655_1,0_µg/ml_tc
454.1666666666667,0.5184713235294115,0.07189200873212703,MG1655_1,0_µg/ml_tc
461.1666666666667,0.5485379901960783,0.07641090522158214,MG1655_1,0_µg/ml_tc
468.1666666666667,0.5790046568627449,0.08095173104153294,MG1655_1,0_µg/ml_tc
475.1666666666667,0.6103713235294117,0.08570170132030869,MG1655_1,0_µg/ml_tc
482.1666666666667,0.6428046568627447,0.09085090096909636,MG1655_1,0_µg/ml_tc
489.1666666666667,0.6769046568627448,0.09615949394553855,MG1655_1,0_µg/ml_tc
496.1666666666667,0.7117379901960781,0.10195789642631002,MG1655_1,0_µg/ml_tc
503.1666666666667,0.747737990196078,0.10701288460397827,MG1655_1,0_µg/ml_tc
510.1666666666667,0.7847379901960782,0.1119037404488196,MG1655_1,0_µg/ml_tc
517.1666666666666,0.8222046568627448,0.11673274811619325,MG1655_1,0_µg/ml_tc
524.1666666666666,0.859337990196078,0.12032097398878214,MG1655_1,0_µg/ml_tc
531.1666666666666,0.8955713235294116,0.12337404112287355,MG1655_1,0_µg/ml_tc
538.1666666666666,0.9319379901960781,0.1250960137001901,MG1655_1,0_µg/ml_tc
545.1666666666666,0.9679713235294112,0.12625970316644242,MG1655_1,0_µg/ml_tc
552.1666666666666,1.003137990196078,0.12703887087283036,MG1655_1,0_µg/ml_tc
559.1666666666666,1.037504656862745,0.1271074484374376,MG1655_1,0_µg/ml_tc
566.1666666666666,1.071604656862745,0.12761805893178768,MG1655_1,0_µg/ml_tc
573.1666666666666,1.1054379901960785,0.12747709282613207,MG1655_1,0_µg/ml_tc
580.1666666666666,1.1391046568627448,0.12735494791573934,MG1655_1,0_µg/ml_tc
587.1666666666666,1.1722046568627449,0.12686559545576107,MG1655_1,0_µg/ml_tc
594.1666666666666,1.2047713235294113,0.1260527895253668,MG1655_1,0_µg/ml_tc
601.1666666666666,1.2367046568627449,0.12442945654133673,MG1655_1,0_µg/ml_tc
608.1666666666666,1.2679046568627446,0.12265494071890713,MG1655_1,0_µg/ml_tc
615.1666666666666,1.297504656862745,0.12058832790774653,MG1655_1,0_µg/ml_tc
622.1666666666666,1.3255046568627447,0.11840736230604862,MG1655_1,0_µg/ml_tc
629.1666666666666,1.3499379901960782,0.11393273373395353,MG1655_1,0_µg/ml_tc
636.1666666666666,1.3712379901960783,0.10846920215476809,MG1655_1,0_µg/ml_tc
643.1666666666666,1.3882713235294113,0.10267245654669674,MG1655_1,0_µg/ml_tc
650.1666666666666,1.4026379901960782,0.09743041135842169,MG1655_1,0_µg/ml_tc
657.1666666666666,1.4130379901960781,0.09280841717673335,MG1655_1,0_µg/ml_tc
664.1666666666666,1.421804656862745,0.08771676598280832,MG1655_1,0_µg/ml_tc
671.1666666666666,1.4290379901960784,0.08096416122148646,MG1655_1,0_µg/ml_tc
678.1666666666666,1.4353046568627446,0.07465211270308751,MG1655_1,0_µg/ml_tc
685.1666666666666,1.4399046568627445,0.06896345858996383,MG1655_1,0_µg/ml_tc
692.1666666666666,1.4428046568627446,0.06438480758902569,MG1655_1,0_µg/ml_tc
699.1666666666666,1.4455046568627443,0.060372064789077334,MG1655_1,0_µg/ml_tc
706.1666666666666,1.4475713235294116,0.0573920175473987,MG1655_1,0_µg/ml_tc
713.1666666666666,1.4498046568627445,0.055818270399080154,MG1655_1,0_µg/ml_tc
720.1666666666666,1.4520046568627447,0.05532920286480886,MG1655_1,0_µg/ml_tc
727.1666666666666,1.4535046568627443,0.05476684121392913,MG1655_1,0_µg/ml_tc
734.1666666666666,1.4541713235294118,0.05510662600708791,MG1655_1,0_µg/ml_tc
741.1666666666666,1.4553046568627444,0.056128915653286884,MG1655_1,0_µg/ml_tc
748.1666666666666,1.456037990196078,0.05666315066847378,MG1655_1,0_µg/ml_tc
755.1666666666666,1.4568046568627449,0.056594961393859215,MG1655_1,0_µg/ml_tc
762.1666666666666,1.4574379901960781,0.05684882149831365,MG1655_1,0_µg/ml_tc
769.1666666666666,1.458904656862745,0.0573503449768658,MG1655_1,0_µg/ml_tc
776.1666666666666,1.4596046568627448,0.05784900082587188,MG1655_1,0_µg/ml_tc
783.1666666666666,1.4611379901960782,0.0588631863956045,MG1655_1,0_µg/ml_tc
790.1666666666666,1.4616046568627443,0.05916158469351779,MG1655_1,0_µg/ml_tc
797.1666666666666,1.4633046568627444,0.06048459478988475,MG1655_1,0_µg/ml_tc
804.1666666666666,1.4641379901960783,0.06125789651185773,MG1655_1,0_µg/ml_tc
811.1666666666666,1.465204656862745,0.06207267709209349,MG1655_1,0_µg/ml_tc
818.1666666666666,1.4674713235294115,0.06362047129514282,MG1655_1,0_µg/ml_tc
825.1666666666666,1.468704656862745,0.06451089188977153,MG1655_1,0_µg/ml_tc
832.1666666666666,1.4701046568627447,0.06527057741327306,MG1655_1,0_µg/ml_tc
839.1666666666666,1.4722379901960783,0.0668434781763535,MG1655_1,0_µg/ml_tc
846.1666666666666,1.4745379901960782,0.06861792433635608,MG1655_1,0_µg/ml_tc
853.1666666666666,1.4770379901960782,0.07047784358776601,MG1655_1,0_µg/ml_tc
860.1666666666666,1.4794046568627446,0.07262143219321074,MG1655_1,0_µg/ml_tc
867.1666666666666,1.4825046568627445,0.07482319389619495,MG1655_1,0_µg/ml_tc
874.1666666666666,1.4862713235294112,0.07737979925880743,MG1655_1,0_µg/ml_tc
881.1666666666666,1.489337990196078,0.07959140628248122,MG1655_1,0_µg/ml_tc
888.1666666666666,1.4942713235294114,0.08270749594237192,MG1655_1,0_µg/ml_tc
895.1666666666666,1.4980046568627448,0.08544897650766156,MG1655_1,0_µg/ml_tc
902.1666666666666,1.5028046568627444,0.08896894072536274,MG1655_1,0_µg/ml_tc
909.1666666666666,1.5067379901960782,0.09233838942129943,MG1655_1,0_µg/ml_tc
916.1666666666666,1.5110713235294113,0.09503011621852174,MG1655_1,0_µg/ml_tc
923.1666666666666,1.516237990196078,0.09843174891975813,MG1655_1,0_µg/ml_tc
930.1666666666666,1.523204656862745,0.10286239552816716,MG1655_1,0_µg/ml_tc
937.1666666666666,1.5271046568627449,0.10469252188160831,MG1655_1,0_µg/ml_tc
944.1666666666666,1.5328046568627447,0.10728285205394003,MG1655_1,0_µg/ml_tc
951.1666666666666,1.5366713235294116,0.10929570245308204,MG1655_1,0_µg/ml_tc
958.1666666666666,1.5401713235294112,0.11048505385995333,MG1655_1,0_µg/ml_tc
965.1666666666666,1.5440046568627446,0.11091007541060555,MG1655_1,0_µg/ml_tc
972.1666666666666,1.5467713235294116,0.1117722232267815,MG1655_1,0_µg/ml_tc
979.1666666666666,1.5492379901960782,0.11158164888464452,MG1655_1,0_µg/ml_tc
986.1666666666666,1.5502713235294114,0.11110345701606021,MG1655_1,0_µg/ml_tc
993.1666666666666,1.5511379901960782,0.11051093980277227,MG1655_1,0_µg/ml_tc
1000.1666666666666,1.5520713235294115,0.10974091222553216,MG1655_1,0_µg/ml_tc
1007.1666666666666,1.5526713235294112,0.10893892098670303,MG1655_1,0_µg/ml_tc
1014.1666666666666,1.5528379901960778,0.10835405990940339,MG1655_1,0_µg/ml_tc
1021.1666666666666,1.5523713235294117,0.10701541407934989,MG1655_1,0_µg/ml_tc
1028.1666666666667,1.5520379901960781,0.10609115577338826,MG1655_1,0_µg/ml_tc
1035.1666666666667,1.5514379901960782,0.10509664955233557,MG1655_1,0_µg/ml_tc
1042.1666666666667,1.551437990196078,0.10449515195265853,MG1655_1,0_µg/ml_tc
1049.1666666666667,1.5505046568627452,0.10342393506740877,MG1655_1,0_µg/ml_tc
1056.1666666666667,1.5498713235294117,0.10236886761838905,MG1655_1,0_µg/ml_tc
1063.1666666666667,1.5495379901960782,0.10155551678026037,MG1655_1,0_µg/ml_tc
1070.1666666666667,1.548671323529411,0.1008865813616983,MG1655_1,0_µg/ml_tc
1077.1666666666667,1.5474046568627446,0.0999559040708486,MG1655_1,0_µg/ml_tc
1084.1666666666667,1.5462046568627446,0.09898650204046458,MG1655_1,0_µg/ml_tc
1091.1666666666667,1.5449379901960782,0.09762054734720459,MG1655_1,0_µg/ml_tc
1098.1666666666667,1.5436713235294115,0.09632648625390103,MG1655_1,0_µg/ml_tc
1105.1666666666667,1.5421379901960781,0.09508532768114061,MG1655_1,0_µg/ml_tc
1112.1666666666667,1.5405713235294118,0.09358777304951654,MG1655_1,0_µg/ml_tc
1119.1666666666667,1.5390713235294116,0.09185050948118917,MG1655_1,0_µg/ml_tc
1126.1666666666667,1.5377713235294113,0.0907048770058351,MG1655_1,0_µg/ml_tc
1133.1666666666667,1.5362379901960779,0.08908877143278102,MG1655_1,0_µg/ml_tc
1140.1666666666667,1.5345713235294116,0.08756189272435394,MG1655_1,0_µg/ml_tc
1147.1666666666667,1.5332713235294118,0.08606921165784139,MG1655_1,0_µg/ml_tc
1154.1666666666667,1.5319046568627452,0.08467153574559304,MG1655_1,0_µg/ml_tc
1161.1666666666667,1.5306713235294114,0.08284987808591258,MG1655_1,0_µg/ml_tc
1168.1666666666667,1.5295379901960784,0.08118989377117519,MG1655_1,0_µg/ml_tc
1175.1666666666667,1.5287046568627445,0.07950449998107893,MG1655_1,0_µg/ml_tc
1182.1666666666667,1.5276379901960782,0.07770054512449497,MG1655_1,0_µg/ml_tc
1189.1666666666667,1.526804656862745,0.07604415686365028,MG1655_1,0_µg/ml_tc
1196.1666666666667,1.525804656862745,0.07419004022755021,MG1655_1,0_µg/ml_tc
1203.1666666666667,1.5251379901960778,0.07230285124979911,MG1655_1,0_µg/ml_tc
1210.1666666666667,1.5242046568627445,0.07059879358156496,MG1655_1,0_µg/ml_tc
1217.1666666666667,1.5236046568627444,0.06876614543960342,MG1655_1,0_µg/ml_tc
1224.1666666666667,1.5227046568627445,0.06725812346782949,MG1655_1,0_µg/ml_tc
1231.1666666666667,1.5217046568627448,0.06577862560290308,MG1655_1,0_µg/ml_tc
1238.1666666666667,1.5208046568627445,0.06436284535404696,MG1655_1,0_µg/ml_tc
1245.1666666666667,1.5201379901960779,0.06296451290256658,MG1655_1,0_µg/ml_tc
1252.1666666666667,1.5190046568627447,0.061736453211797146,MG1655_1,0_µg/ml_tc
1259.1666666666667,1.5180379901960783,0.06039943670286164,MG1655_1,0_µg/ml_tc
1266.1666666666667,1.5172046568627446,0.05909883597663412,MG1655_1,0_µg/ml_tc
1273.1666666666667,1.5166046568627451,0.05751242744263909,MG1655_1,0_µg/ml_tc
1280.1666666666667,1.5157379901960781,0.05619944982755205,MG1655_1,0_µg/ml_tc
1287.1666666666667,1.5148713235294116,0.05489996126707594,MG1655_1,0_µg/ml_tc
1294.1666666666667,1.5142046568627447,0.05344139555270513,MG1655_1,0_µg/ml_tc
1301.1666666666667,1.5134713235294115,0.052097179308999285,MG1655_1,0_µg/ml_tc
1308.1666666666667,1.5128713235294113,0.050847360039519326,MG1655_1,0_µg/ml_tc
1315.1666666666667,1.512004656862745,0.04970752388758148,MG1655_1,0_µg/ml_tc
1322.1666666666667,1.5113379901960782,0.04857094585870444,MG1655_1,0_µg/ml_tc
1329.1666666666667,1.5101713235294112,0.047689175619467034,MG1655_1,0_µg/ml_tc
1336.1666666666667,1.5095046568627448,0.04694560315058709,MG1655_1,0_µg/ml_tc
1343.1666666666667,1.5084046568627447,0.04627813217105225,MG1655_1,0_µg/ml_tc
1350.1666666666667,1.5074046568627446,0.04549357665914364,MG1655_1,0_µg/ml_tc
1357.1666666666667,1.506504656862745,0.045024437808816674,MG1655_1,0_µg/ml_tc
1364.1666666666667,1.505437990196078,0.0445397407462945,MG1655_1,0_µg/ml_tc
1371.1666666666667,1.504404656862745,0.04413080087882949,MG1655_1,0_µg/ml_tc
1378.1666666666667,1.5035046568627446,0.043623309175809616,MG1655_1,0_µg/ml_tc
1385.1666666666667,1.5025713235294114,0.04323451154466471,MG1655_1,0_µg/ml_tc
1392.1666666666667,1.5017046568627446,0.042732528190094744,MG1655_1,0_µg/ml_tc
1399.1666666666667,1.5007713235294113,0.042437729905594974,MG1655_1,0_µg/ml_tc
1406.1666666666667,1.499737990196078,0.041971651626185554,MG1655_1,0_µg/ml_tc
1413.1666666666667,1.4988379901960784,0.0414210785364944,MG1655_1,0_µg/ml_tc
1420.1666666666667,1.4978713235294114,0.041061840102991944,MG1655_1,0_µg/ml_tc
1427.1666666666667,1.4970713235294115,0.040550082557280924,MG1655_1,0_µg/ml_tc
6.166666666666667,0.010298406862744853,0.0015833687036230387,MG1655_2,0_µg/ml_tc
13.166666666666666,0.010767156862744853,0.0013897667476606367,MG1655_2,0_µg/ml_tc
20.166666666666668,0.011642156862744854,0.0014797013648139461,MG1655_2,0_µg/ml_tc
27.166666666666668,0.012423406862744853,0.0014642927391086962,MG1655_2,0_µg/ml_tc
34.166666666666664,0.013392156862744854,0.0014687607240514466,MG1655_2,0_µg/ml_tc
41.166666666666664,0.014329656862744854,0.0014973094148742175,MG1655_2,0_µg/ml_tc
48.166666666666664,0.015392156862744855,0.0015332339846262555,MG1655_2,0_µg/ml_tc
55.166666666666664,0.016579656862744853,0.0015187006330752706,MG1655_2,0_µg/ml_tc
62.166666666666664,0.01776715686274485,0.0016051831369740359,MG1655_2,0_µg/ml_tc
69.16666666666667,0.019110906862744848,0.0014996639408493726,MG1655_2,0_µg/ml_tc
76.16666666666667,0.020485906862744842,0.0015183687129242006,MG1655_2,0_µg/ml_tc
83.16666666666667,0.02151715686274484,0.001554130811947682,MG1655_2,0_µg/ml_tc
90.16666666666667,0.02254840686274484,0.0015680144625731978,MG1655_2,0_µg/ml_tc
97.16666666666666,0.02376715686274484,0.001702701837782265,MG1655_2,0_µg/ml_tc
104.16666666666666,0.024954656862744836,0.0016655910507645934,MG1655_2,0_µg/ml_tc
111.16666666666666,0.026204656862744837,0.0015862310778250654,MG1655_2,0_µg/ml_tc
118.16666666666666,0.02776715686274484,0.0018305208143074756,MG1655_2,0_µg/ml_tc
125.16666666666667,0.029079656862744836,0.001791557260975724,MG1655_2,0_µg/ml_tc
132.16666666666666,0.030892156862744834,0.0018740589036082991,MG1655_2,0_µg/ml_tc
139.16666666666666,0.032360906862744836,0.0018597498097428849,MG1655_2,0_µg/ml_tc
146.16666666666666,0.03417340686274483,0.0019997479679909336,MG1655_2,0_µg/ml_tc
153.16666666666666,0.036173406862744846,0.0021248814008649856,MG1655_2,0_µg/ml_tc
160.16666666666666,0.03820465686274484,0.002327950780989514,MG1655_2,0_µg/ml_tc
167.16666666666666,0.04076715686274485,0.002408821154597975,MG1655_2,0_µg/ml_tc
174.16666666666666,0.04320465686274485,0.002627399057328676,MG1655_2,0_µg/ml_tc
181.16666666666666,0.04601715686274485,0.0030314214700421062,MG1655_2,0_µg/ml_tc
188.16666666666666,0.048829656862744854,0.003180079122570135,MG1655_2,0_µg/ml_tc
195.16666666666666,0.05204840686274487,0.0036948907618406636,MG1655_2,0_µg/ml_tc
202.16666666666666,0.055423406862744856,0.004121026923380364,MG1655_2,0_µg/ml_tc
209.16666666666666,0.05923590686274486,0.004648859554911328,MG1655_2,0_µg/ml_tc
216.16666666666666,0.06323590686274484,0.004996672279724553,MG1655_2,0_µg/ml_tc
223.16666666666666,0.06776715686274484,0.00538778487009751,MG1655_2,0_µg/ml_tc
230.16666666666666,0.07257965686274484,0.006131620845547154,MG1655_2,0_µg/ml_tc
237.16666666666666,0.07745465686274484,0.006564813340343221,MG1655_2,0_µg/ml_tc
244.16666666666666,0.08254840686274482,0.0072828095207913375,MG1655_2,0_µg/ml_tc
251.16666666666666,0.0885171568627448,0.008117831825579232,MG1655_2,0_µg/ml_tc
258.1666666666667,0.09445465686274485,0.009186244976822333,MG1655_2,0_µg/ml_tc
265.1666666666667,0.10101715686274484,0.009904178004028593,MG1655_2,0_µg/ml_tc
272.1666666666667,0.10773590686274483,0.01064829041253465,MG1655_2,0_µg/ml_tc
279.1666666666667,0.11548590686274482,0.011771300185812785,MG1655_2,0_µg/ml_tc
286.1666666666667,0.12342340686274487,0.012675183716935413,MG1655_2,0_µg/ml_tc
293.1666666666667,0.13251715686274482,0.01356094368207416,MG1655_2,0_µg/ml_tc
300.1666666666667,0.14220465686274486,0.014910485593875247,MG1655_2,0_µg/ml_tc
307.1666666666667,0.1521421568627449,0.01637649279085825,MG1655_2,0_µg/ml_tc
314.1666666666667,0.16298590686274486,0.01821951165203694,MG1655_2,0_µg/ml_tc
321.1666666666667,0.1748609068627448,0.0205302442123652,MG1655_2,0_µg/ml_tc
328.1666666666667,0.18757965686274486,0.022796080591245958,MG1655_2,0_µg/ml_tc
335.1666666666667,0.20164215686274486,0.02520232644151163,MG1655_2,0_µg/ml_tc
342.1666666666667,0.21601715686274484,0.027345386471767458,MG1655_2,0_µg/ml_tc
349.1666666666667,0.2316421568627448,0.030175762010315934,MG1655_2,0_µg/ml_tc
356.1666666666667,0.2490796568627448,0.03284248821660846,MG1655_2,0_µg/ml_tc
363.1666666666667,0.26673590686274484,0.03607383501349206,MG1655_2,0_µg/ml_tc
370.1666666666667,0.28586090686274485,0.039149102387435845,MG1655_2,0_µg/ml_tc
377.1666666666667,0.30620465686274484,0.04247124264267417,MG1655_2,0_µg/ml_tc
384.1666666666667,0.3280796568627449,0.046402690411433634,MG1655_2,0_µg/ml_tc
391.1666666666667,0.3523921568627449,0.050060245962304774,MG1655_2,0_µg/ml_tc
398.1666666666667,0.3776734068627449,0.053742807095611675,MG1655_2,0_µg/ml_tc
405.1666666666667,0.40357965686274494,0.057852286875923885,MG1655_2,0_µg/ml_tc
412.1666666666667,0.43079840686274484,0.062090651405308075,MG1655_2,0_µg/ml_tc
419.1666666666667,0.4597359068627449,0.06631181686887799,MG1655_2,0_µg/ml_tc
426.1666666666667,0.490485906862745,0.07004548493427266,MG1655_2,0_µg/ml_tc
433.1666666666667,0.5222671568627448,0.07437738882040654,MG1655_2,0_µg/ml_tc
440.1666666666667,0.5554234068627448,0.07862784304311611,MG1655_2,0_µg/ml_tc
447.1666666666667,0.5894859068627448,0.08349183246707235,MG1655_2,0_µg/ml_tc
454.1666666666667,0.6252359068627449,0.08791454222067568,MG1655_2,0_µg/ml_tc
461.1666666666667,0.6623921568627449,0.09263296894456027,MG1655_2,0_µg/ml_tc
468.1666666666667,0.7005484068627449,0.09722475105518108,MG1655_2,0_µg/ml_tc
475.1666666666667,0.7404546568627451,0.10129707189348341,MG1655_2,0_µg/ml_tc
482.1666666666667,0.780392156862745,0.10575578608436789,MG1655_2,0_µg/ml_tc
489.1666666666667,0.8212984068627449,0.10996388245032271,MG1655_2,0_µg/ml_tc
496.1666666666667,0.8623296568627448,0.11301891077845502,MG1655_2,0_µg/ml_tc
503.1666666666667,0.903298406862745,0.11503179346626095,MG1655_2,0_µg/ml_tc
510.1666666666667,0.9437359068627451,0.11570861187873278,MG1655_2,0_µg/ml_tc
517.1666666666666,0.983298406862745,0.11570286175260283,MG1655_2,0_µg/ml_tc
524.1666666666666,1.0217359068627447,0.11429771097389027,MG1655_2,0_µg/ml_tc
531.1666666666666,1.0587046568627447,0.11307148752149045,MG1655_2,0_µg/ml_tc
538.1666666666666,1.0948609068627448,0.11256399165693232,MG1655_2,0_µg/ml_tc
545.1666666666666,1.1306109068627448,0.11203725168946724,MG1655_2,0_µg/ml_tc
552.1666666666666,1.1652359068627445,0.1117577981330537,MG1655_2,0_µg/ml_tc
559.1666666666666,1.198892156862745,0.11119336180580844,MG1655_2,0_µg/ml_tc
566.1666666666666,1.231735906862745,0.11051681652070407,MG1655_2,0_µg/ml_tc
573.1666666666666,1.264204656862745,0.11010845093698274,MG1655_2,0_µg/ml_tc
580.1666666666666,1.295767156862745,0.10972074156253346,MG1655_2,0_µg/ml_tc
587.1666666666666,1.3262984068627448,0.10911102938690923,MG1655_2,0_µg/ml_tc
594.1666666666666,1.3560171568627446,0.10785337642582918,MG1655_2,0_µg/ml_tc
601.1666666666666,1.385579656862745,0.1058805626561698,MG1655_2,0_µg/ml_tc
608.1666666666666,1.412267156862745,0.10207553733672259,MG1655_2,0_µg/ml_tc
615.1666666666666,1.4311109068627448,0.09165357616696442,MG1655_2,0_µg/ml_tc
622.1666666666666,1.4472046568627446,0.08278421230193359,MG1655_2,0_µg/ml_tc
629.1666666666666,1.4608609068627447,0.0737030263198851,MG1655_2,0_µg/ml_tc
636.1666666666666,1.4713296568627443,0.06630756780630018,MG1655_2,0_µg/ml_tc
643.1666666666666,1.4793296568627443,0.05962395599951631,MG1655_2,0_µg/ml_tc
650.1666666666666,1.4858921568627448,0.053856103077642714,MG1655_2,0_µg/ml_tc
657.1666666666666,1.4900796568627446,0.048906592998384964,MG1655_2,0_µg/ml_tc
664.1666666666666,1.494954656862745,0.04493436072977503,MG1655_2,0_µg/ml_tc
671.1666666666666,1.498610906862745,0.04273576682509666,MG1655_2,0_µg/ml_tc
678.1666666666666,1.500892156862745,0.042059433754413955,MG1655_2,0_µg/ml_tc
685.1666666666666,1.502548406862745,0.04178370524730362,MG1655_2,0_µg/ml_tc
692.1666666666666,1.5040171568627447,0.0420793700891158,MG1655_2,0_µg/ml_tc
699.1666666666666,1.5060484068627449,0.04235381642932583,MG1655_2,0_µg/ml_tc
706.1666666666666,1.5071109068627444,0.042519717911697424,MG1655_2,0_µg/ml_tc
713.1666666666666,1.5092046568627449,0.04261303753244933,MG1655_2,0_µg/ml_tc
720.1666666666666,1.512954656862745,0.04352900404958039,MG1655_2,0_µg/ml_tc
727.1666666666666,1.515360906862745,0.04560108188798638,MG1655_2,0_µg/ml_tc
734.1666666666666,1.5185171568627442,0.048047313710952756,MG1655_2,0_µg/ml_tc
741.1666666666666,1.5203296568627451,0.0467172345071923,MG1655_2,0_µg/ml_tc
748.1666666666666,1.523454656862745,0.047497368348151686,MG1655_2,0_µg/ml_tc
755.1666666666666,1.5230484068627446,0.04676061851118298,MG1655_2,0_µg/ml_tc
762.1666666666666,1.5230796568627447,0.04724524212262868,MG1655_2,0_µg/ml_tc
769.1666666666666,1.5266421568627448,0.04902661390477364,MG1655_2,0_µg/ml_tc
776.1666666666666,1.5274859068627449,0.048353359542355055,MG1655_2,0_µg/ml_tc
783.1666666666666,1.531048406862745,0.05092094402426747,MG1655_2,0_µg/ml_tc
790.1666666666666,1.531048406862745,0.05008032861829213,MG1655_2,0_µg/ml_tc
797.1666666666666,1.537298406862745,0.05184832679976746,MG1655_2,0_µg/ml_tc
804.1666666666666,1.5381421568627447,0.05225615413672624,MG1655_2,0_µg/ml_tc
811.1666666666666,1.540673406862745,0.05487727326469258,MG1655_2,0_µg/ml_tc
818.1666666666666,1.5457671568627445,0.05738097779668124,MG1655_2,0_µg/ml_tc
825.1666666666666,1.549235906862745,0.05956183253696356,MG1655_2,0_µg/ml_tc
832.1666666666666,1.5527359068627442,0.0627737793910185,MG1655_2,0_µg/ml_tc
839.1666666666666,1.5570796568627447,0.06624429372868958,MG1655_2,0_µg/ml_tc
846.1666666666666,1.5617671568627445,0.06965719632600782,MG1655_2,0_µg/ml_tc
853.1666666666666,1.566454656862745,0.07238650738647986,MG1655_2,0_µg/ml_tc
860.1666666666666,1.5712984068627447,0.07575250847544641,MG1655_2,0_µg/ml_tc
867.1666666666666,1.5782359068627443,0.08007012425609879,MG1655_2,0_µg/ml_tc
874.1666666666666,1.5862984068627446,0.08410855480826837,MG1655_2,0_µg/ml_tc
881.1666666666666,1.592267156862745,0.08554302350845303,MG1655_2,0_µg/ml_tc
888.1666666666666,1.6009859068627446,0.08835311644466129,MG1655_2,0_µg/ml_tc
895.1666666666666,1.6072046568627445,0.08902844779130452,MG1655_2,0_µg/ml_tc
902.1666666666666,1.6127359068627447,0.08906847107884239,MG1655_2,0_µg/ml_tc
909.1666666666666,1.6160484068627448,0.08760711761296347,MG1655_2,0_µg/ml_tc
916.1666666666666,1.6203296568627448,0.08690437830018657,MG1655_2,0_µg/ml_tc
923.1666666666666,1.6216109068627447,0.08556580541578286,MG1655_2,0_µg/ml_tc
930.1666666666666,1.6244546568627447,0.08461945174073882,MG1655_2,0_µg/ml_tc
937.1666666666666,1.6234234068627447,0.08232752621438741,MG1655_2,0_µg/ml_tc
944.1666666666666,1.6246421568627452,0.08056251329487618,MG1655_2,0_µg/ml_tc
951.1666666666666,1.6231734068627446,0.0776858788077282,MG1655_2,0_µg/ml_tc
958.1666666666666,1.6239234068627448,0.0750598618630705,MG1655_2,0_µg/ml_tc
965.1666666666666,1.625610906862745,0.07230328568583685,MG1655_2,0_µg/ml_tc
972.1666666666666,1.6229546568627446,0.06976781770341375,MG1655_2,0_µg/ml_tc
979.1666666666666,1.621735906862745,0.06821573197371468,MG1655_2,0_µg/ml_tc
986.1666666666666,1.6201734068627451,0.06687155930250457,MG1655_2,0_µg/ml_tc
993.1666666666666,1.618829656862745,0.06520674317000283,MG1655_2,0_µg/ml_tc
1000.1666666666666,1.616079656862745,0.06389040515576452,MG1655_2,0_µg/ml_tc
1007.1666666666666,1.6139859068627447,0.06261363057570585,MG1655_2,0_µg/ml_tc
1014.1666666666666,1.6126734068627446,0.06162450516715549,MG1655_2,0_µg/ml_tc
1021.1666666666666,1.6097984068627444,0.06041168407336983,MG1655_2,0_µg/ml_tc
1028.1666666666667,1.6077984068627449,0.05905511879974176,MG1655_2,0_µg/ml_tc
1035.1666666666667,1.6055484068627446,0.05816390044104787,MG1655_2,0_µg/ml_tc
1042.1666666666667,1.6044546568627447,0.05697311193774627,MG1655_2,0_µg/ml_tc
1049.1666666666667,1.6012671568627443,0.056398317007605114,MG1655_2,0_µg/ml_tc
1056.1666666666667,1.5996734068627445,0.05515051801295047,MG1655_2,0_µg/ml_tc
1063.1666666666667,1.598173406862745,0.05394859224149141,MG1655_2,0_µg/ml_tc
1070.1666666666667,1.596454656862744,0.05295890068053079,MG1655_2,0_µg/ml_tc
1077.1666666666667,1.5947046568627443,0.05227347443046289,MG1655_2,0_µg/ml_tc
1084.1666666666667,1.5923921568627448,0.051353573547797356,MG1655_2,0_µg/ml_tc
1091.1666666666667,1.5902984068627446,0.05027078891107573,MG1655_2,0_µg/ml_tc
1098.1666666666667,1.5885796568627446,0.04957220214804313,MG1655_2,0_µg/ml_tc
1105.1666666666667,1.5865484068627445,0.04869265651396621,MG1655_2,0_µg/ml_tc
1112.1666666666667,1.584298406862745,0.04779111766237901,MG1655_2,0_µg/ml_tc
1119.1666666666667,1.5827671568627448,0.04682426824600886,MG1655_2,0_µg/ml_tc
1126.1666666666667,1.5814859068627443,0.045710685117059516,MG1655_2,0_µg/ml_tc
1133.1666666666667,1.5794859068627447,0.04491550086264132,MG1655_2,0_µg/ml_tc
1140.1666666666667,1.5772984068627451,0.04412947181032265,MG1655_2,0_µg/ml_tc
1147.1666666666667,1.5757671568627447,0.04313290600742268,MG1655_2,0_µg/ml_tc
1154.1666666666667,1.5744546568627447,0.04202917573428278,MG1655_2,0_µg/ml_tc
1161.1666666666667,1.572860906862745,0.041253824358397945,MG1655_2,0_µg/ml_tc
1168.1666666666667,1.5712671568627448,0.040659829982349266,MG1655_2,0_µg/ml_tc
1175.1666666666667,1.5702984068627448,0.039835840059245724,MG1655_2,0_µg/ml_tc
1182.1666666666667,1.568517156862745,0.03954045498783698,MG1655_2,0_µg/ml_tc
1189.1666666666667,1.5677984068627446,0.03894276973349647,MG1655_2,0_µg/ml_tc
1196.1666666666667,1.566048406862745,0.03870534627987664,MG1655_2,0_µg/ml_tc
1203.1666666666667,1.5643296568627445,0.03841181773797595,MG1655_2,0_µg/ml_tc
1210.1666666666667,1.562923406862745,0.03804643544407281,MG1655_2,0_µg/ml_tc
1217.1666666666667,1.5612984068627445,0.037989692468760106,MG1655_2,0_µg/ml_tc
1224.1666666666667,1.560392156862745,0.03737036733614896,MG1655_2,0_µg/ml_tc
1231.1666666666667,1.5586421568627449,0.037099636986312,MG1655_2,0_µg/ml_tc
1238.1666666666667,1.5571421568627446,0.036958509867321535,MG1655_2,0_µg/ml_tc
1245.1666666666667,1.5562046568627446,0.03686330459693556,MG1655_2,0_µg/ml_tc
1252.1666666666667,1.5548609068627444,0.0365231781246181,MG1655_2,0_µg/ml_tc
1259.1666666666667,1.5533609068627448,0.036494462129603084,MG1655_2,0_µg/ml_tc
1266.1666666666667,1.5522046568627446,0.03635843071243545,MG1655_2,0_µg/ml_tc
1273.1666666666667,1.5510796568627447,0.03637949617484394,MG1655_2,0_µg/ml_tc
1280.1666666666667,1.5497671568627442,0.036451414858154535,MG1655_2,0_µg/ml_tc
1287.1666666666667,1.5484859068627446,0.03645035012443022,MG1655_2,0_µg/ml_tc
1294.1666666666667,1.5472359068627446,0.03652660044847567,MG1655_2,0_µg/ml_tc
1301.1666666666667,1.5457671568627447,0.0365645143503564,MG1655_2,0_µg/ml_tc
1308.1666666666667,1.5439859068627448,0.036654651929387036,MG1655_2,0_µg/ml_tc
1315.1666666666667,1.5426421568627453,0.0366570307475361,MG1655_2,0_µg/ml_tc
1322.1666666666667,1.5415796568627445,0.03665510570430196,MG1655_2,0_µg/ml_tc
1329.1666666666667,1.539954656862745,0.03669666417115217,MG1655_2,0_µg/ml_tc
1336.1666666666667,1.5388921568627443,0.03658347723292053,MG1655_2,0_µg/ml_tc
1343.1666666666667,1.5376109068627446,0.03681721141601595,MG1655_2,0_µg/ml_tc
1350.1666666666667,1.5362671568627448,0.03681158434427245,MG1655_2,0_µg/ml_tc
1357.1666666666667,1.5352671568627447,0.03669573017264036,MG1655_2,0_µg/ml_tc
1364.1666666666667,1.533704656862745,0.036732687385769194,MG1655_2,0_µg/ml_tc
1371.1666666666667,1.5324234068627445,0.03678905374981059,MG1655_2,0_µg/ml_tc
1378.1666666666667,1.5312984068627449,0.036822906067967065,MG1655_2,0_µg/ml_tc
1385.1666666666667,1.5301421568627451,0.03681070803185472,MG1655_2,0_µg/ml_tc
1392.1666666666667,1.5291109068627444,0.03686405660470428,MG1655_2,0_µg/ml_tc
1399.1666666666667,1.5280171568627452,0.036874186705082634,MG1655_2,0_µg/ml_tc
1406.1666666666667,1.5268609068627446,0.03691324561201445,MG1655_2,0_µg/ml_tc
1413.1666666666667,1.525579656862745,0.03692778480118439,MG1655_2,0_µg/ml_tc
1420.1666666666667,1.524454656862745,0.03693324405097706,MG1655_2,0_µg/ml_tc
1427.1666666666667,1.5235171568627446,0.03694061275842274,MG1655_2,0_µg/ml_tc
6.166666666666667,0.009437990196078185,0.0009802650357071227,MG1655_3,0_µg/ml_tc
13.166666666666666,0.010004656862744852,0.0007943767889097854,MG1655_3,0_µg/ml_tc
20.166666666666668,0.010771323529411517,0.0008683449709106098,MG1655_3,0_µg/ml_tc
27.166666666666668,0.011337990196078184,0.0008899179866642222,MG1655_3,0_µg/ml_tc
34.166666666666664,0.012237990196078186,0.0008603661343041505,MG1655_3,0_µg/ml_tc
41.166666666666664,0.013137990196078185,0.0008583598366625742,MG1655_3,0_µg/ml_tc
48.166666666666664,0.013937990196078187,0.0009352607356658152,MG1655_3,0_µg/ml_tc
55.166666666666664,0.014937990196078188,0.0010400044208570946,MG1655_3,0_µg/ml_tc
62.166666666666664,0.01597132352941152,0.0010148325268098508,MG1655_3,0_µg/ml_tc
69.16666666666667,0.01727132352941152,0.0011943352886058416,MG1655_3,0_µg/ml_tc
76.16666666666667,0.018437990196078183,0.0011426929274467323,MG1655_3,0_µg/ml_tc
83.16666666666667,0.019404656862744844,0.0011492126240049796,MG1655_3,0_µg/ml_tc
90.16666666666667,0.02047132352941151,0.0011351236704106,MG1655_3,0_µg/ml_tc
97.16666666666666,0.021437990196078175,0.001142692927446731,MG1655_3,0_µg/ml_tc
104.16666666666666,0.022537990196078175,0.0012340942045675153,MG1655_3,0_µg/ml_tc
111.16666666666666,0.023471323529411506,0.0014064710873459975,MG1655_3,0_µg/ml_tc
118.16666666666666,0.024837990196078175,0.001332183412176478,MG1655_3,0_µg/ml_tc
125.16666666666667,0.02603799019607817,0.0015161960871578077,MG1655_3,0_µg/ml_tc
132.16666666666666,0.02740465686274484,0.0016006464211427978,MG1655_3,0_µg/ml_tc
139.16666666666666,0.028837990196078172,0.0018143742786394742,MG1655_3,0_µg/ml_tc
146.16666666666666,0.03040465686274484,0.001643167672515497,MG1655_3,0_µg/ml_tc
153.16666666666666,0.03207132352941149,0.0018842968748696853,MG1655_3,0_µg/ml_tc
160.16666666666666,0.033704656862744826,0.0018754309849499484,MG1655_3,0_µg/ml_tc
167.16666666666666,0.0358713235294115,0.0021509153357603806,MG1655_3,0_µg/ml_tc
174.16666666666666,0.037871323529411506,0.0024506625892678074,MG1655_3,0_µg/ml_tc
181.16666666666666,0.04030465686274485,0.0026858505363196008,MG1655_3,0_µg/ml_tc
188.16666666666666,0.04257132352941151,0.0029093586606143917,MG1655_3,0_µg/ml_tc
195.16666666666666,0.045337990196078176,0.0029998084230018146,MG1655_3,0_µg/ml_tc
202.16666666666666,0.04810465686274486,0.0033896393867805137,MG1655_3,0_µg/ml_tc
209.16666666666666,0.051037990196078194,0.0036609150291388496,MG1655_3,0_µg/ml_tc
216.16666666666666,0.05433799019607819,0.004038464485704792,MG1655_3,0_µg/ml_tc
223.16666666666666,0.05797132352941153,0.004385975559575705,MG1655_3,0_µg/ml_tc
230.16666666666666,0.06177132352941154,0.004741113890167609,MG1655_3,0_µg/ml_tc
237.16666666666666,0.06580465686274485,0.005053847970640277,MG1655_3,0_µg/ml_tc
244.16666666666666,0.07010465686274482,0.005524865421984008,MG1655_3,0_µg/ml_tc
251.16666666666666,0.07463799019607818,0.006090882577649367,MG1655_3,0_µg/ml_tc
258.1666666666667,0.08150465686274486,0.013015640458760528,MG1655_3,0_µg/ml_tc
265.1666666666667,0.08493799019607819,0.007370413048516826,MG1655_3,0_µg/ml_tc
272.1666666666667,0.09100465686274482,0.00939607401506351,MG1655_3,0_µg/ml_tc
279.1666666666667,0.0965713235294115,0.009077191322146433,MG1655_3,0_µg/ml_tc
286.1666666666667,0.1043713235294115,0.012736949597822518,MG1655_3,0_µg/ml_tc
293.1666666666667,0.10987132352941152,0.0109515652584092,MG1655_3,0_µg/ml_tc
300.1666666666667,0.11770465686274485,0.012017229011026143,MG1655_3,0_µg/ml_tc
307.1666666666667,0.12603799019607817,0.013251761973499934,MG1655_3,0_µg/ml_tc
314.1666666666667,0.13490465686274486,0.014542209669406005,MG1655_3,0_µg/ml_tc
321.1666666666667,0.14453799019607816,0.015913740177493838,MG1655_3,0_µg/ml_tc
328.1666666666667,0.15483799019607816,0.01743902348842633,MG1655_3,0_µg/ml_tc
335.1666666666667,0.16593799019607822,0.019143169004640533,MG1655_3,0_µg/ml_tc
342.1666666666667,0.1778379901960782,0.020883475291001857,MG1655_3,0_µg/ml_tc
349.1666666666667,0.1912713235294115,0.023204760708531988,MG1655_3,0_µg/ml_tc
356.1666666666667,0.20453799019607813,0.024955247300239125,MG1655_3,0_µg/ml_tc
363.1666666666667,0.2193713235294115,0.02736765437057269,MG1655_3,0_µg/ml_tc
370.1666666666667,0.23570465686274483,0.029978152964657688,MG1655_3,0_µg/ml_tc
377.1666666666667,0.25313799019607813,0.03268521054706161,MG1655_3,0_µg/ml_tc
384.1666666666667,0.27270465686274487,0.036900612087251254,MG1655_3,0_µg/ml_tc
391.1666666666667,0.2927046568627449,0.04010503451068767,MG1655_3,0_µg/ml_tc
398.1666666666667,0.31293799019607815,0.042841877138865066,MG1655_3,0_µg/ml_tc
405.1666666666667,0.3363713235294116,0.04773080645722918,MG1655_3,0_µg/ml_tc
412.1666666666667,0.36100465686274497,0.05264202464401127,MG1655_3,0_µg/ml_tc
419.1666666666667,0.3858713235294116,0.05599512499306084,MG1655_3,0_µg/ml_tc
426.1666666666667,0.4124379901960783,0.05984746895424973,MG1655_3,0_µg/ml_tc
433.1666666666667,0.4410379901960782,0.06518162070830182,MG1655_3,0_µg/ml_tc
440.1666666666667,0.46917132352941165,0.06663008191569296,MG1655_3,0_µg/ml_tc
447.1666666666667,0.49690465686274493,0.06791140272950968,MG1655_3,0_µg/ml_tc
454.1666666666667,0.5293379901960782,0.07192452142078665,MG1655_3,0_µg/ml_tc
461.1666666666667,0.5624713235294115,0.07534412240917798,MG1655_3,0_µg/ml_tc
468.1666666666667,0.5977379901960781,0.07913257463153901,MG1655_3,0_µg/ml_tc
475.1666666666667,0.633704656862745,0.08289211933758156,MG1655_3,0_µg/ml_tc
482.1666666666667,0.6711046568627449,0.08655219672902988,MG1655_3,0_µg/ml_tc
489.1666666666667,0.7109379901960783,0.09117874954075697,MG1655_3,0_µg/ml_tc
496.1666666666667,0.7490379901960783,0.09366901866397055,MG1655_3,0_µg/ml_tc
503.1666666666667,0.789604656862745,0.09667269699779553,MG1655_3,0_µg/ml_tc
510.1666666666667,0.8303046568627448,0.09893278805190994,MG1655_3,0_µg/ml_tc
517.1666666666666,0.8711713235294115,0.10033074041022702,MG1655_3,0_µg/ml_tc
524.1666666666666,0.9120379901960782,0.10069905089212464,MG1655_3,0_µg/ml_tc
531.1666666666666,0.9519046568627448,0.10008045039728851,MG1655_3,0_µg/ml_tc
538.1666666666666,0.9909379901960783,0.09901782609741269,MG1655_3,0_µg/ml_tc
545.1666666666666,1.0289713235294111,0.0979859009327831,MG1655_3,0_µg/ml_tc
552.1666666666666,1.0654046568627442,0.09749983200692863,MG1655_3,0_µg/ml_tc
559.1666666666666,1.1007713235294114,0.09752663061011034,MG1655_3,0_µg/ml_tc
566.1666666666666,1.1359046568627447,0.09766812207145949,MG1655_3,0_µg/ml_tc
573.1666666666666,1.1695713235294114,0.09727555362645506,MG1655_3,0_µg/ml_tc
580.1666666666666,1.2027713235294113,0.09723981493809726,MG1655_3,0_µg/ml_tc
587.1666666666666,1.2353379901960782,0.09741715608069543,MG1655_3,0_µg/ml_tc
594.1666666666666,1.267937990196078,0.09773422205614336,MG1655_3,0_µg/ml_tc
601.1666666666666,1.298437990196078,0.09666434400697525,MG1655_3,0_µg/ml_tc
608.1666666666666,1.3291046568627443,0.09559310319950044,MG1655_3,0_µg/ml_tc
615.1666666666666,1.3582713235294113,0.09339411608629437,MG1655_3,0_µg/ml_tc
622.1666666666666,1.3845713235294113,0.08909186786424578,MG1655_3,0_µg/ml_tc
629.1666666666666,1.4089713235294115,0.08522098387107498,MG1655_3,0_µg/ml_tc
636.1666666666666,1.4281713235294113,0.07806042457646173,MG1655_3,0_µg/ml_tc
643.1666666666666,1.4446046568627449,0.07158903306493537,MG1655_3,0_µg/ml_tc
650.1666666666666,1.4548046568627448,0.06321574989259213,MG1655_3,0_µg/ml_tc
657.1666666666666,1.4653046568627444,0.0579134907754066,MG1655_3,0_µg/ml_tc
664.1666666666666,1.474004656862745,0.05198816178244084,MG1655_3,0_µg/ml_tc
671.1666666666666,1.4813379901960781,0.046442016747124906,MG1655_3,0_µg/ml_tc
678.1666666666666,1.4865046568627447,0.04204135894650605,MG1655_3,0_µg/ml_tc
685.1666666666666,1.4895379901960777,0.039915499826969236,MG1655_3,0_µg/ml_tc
692.1666666666666,1.4917713235294117,0.038846233859377806,MG1655_3,0_µg/ml_tc
699.1666666666666,1.4944713235294111,0.038715303339166514,MG1655_3,0_µg/ml_tc
706.1666666666666,1.4961046568627447,0.039242482258301445,MG1655_3,0_µg/ml_tc
713.1666666666666,1.4986046568627451,0.03939748810477029,MG1655_3,0_µg/ml_tc
720.1666666666666,1.501404656862745,0.03982994022002838,MG1655_3,0_µg/ml_tc
727.1666666666666,1.5043046568627447,0.04053061848137478,MG1655_3,0_µg/ml_tc
734.1666666666666,1.5060379901960779,0.03903962031094805,MG1655_3,0_µg/ml_tc
741.1666666666666,1.5086046568627447,0.03903168474192605,MG1655_3,0_µg/ml_tc
748.1666666666666,1.5119046568627446,0.039908861689846684,MG1655_3,0_µg/ml_tc
755.1666666666666,1.5130713235294118,0.03919578032648792,MG1655_3,0_µg/ml_tc
762.1666666666666,1.5141379901960783,0.039024910994913495,MG1655_3,0_µg/ml_tc
769.1666666666666,1.5174379901960784,0.04033987787694007,MG1655_3,0_µg/ml_tc
776.1666666666666,1.5186379901960783,0.04046193045434134,MG1655_3,0_µg/ml_tc
783.1666666666666,1.5221379901960783,0.042405825342616624,MG1655_3,0_µg/ml_tc
790.1666666666666,1.5231379901960784,0.041966886234624155,MG1655_3,0_µg/ml_tc
797.1666666666666,1.5275379901960777,0.04451507558145882,MG1655_3,0_µg/ml_tc
804.1666666666666,1.5295713235294113,0.04497795117559297,MG1655_3,0_µg/ml_tc
811.1666666666666,1.533104656862745,0.04619419279818474,MG1655_3,0_µg/ml_tc
818.1666666666666,1.538771323529411,0.048554223747045544,MG1655_3,0_µg/ml_tc
825.1666666666666,1.5434379901960784,0.05053024586449621,MG1655_3,0_µg/ml_tc
832.1666666666666,1.5485713235294114,0.05226374317416149,MG1655_3,0_µg/ml_tc
839.1666666666666,1.5536379901960784,0.05355044887498743,MG1655_3,0_µg/ml_tc
846.1666666666666,1.5589713235294118,0.05515991381387414,MG1655_3,0_µg/ml_tc
853.1666666666666,1.5647046568627445,0.05706318337204581,MG1655_3,0_µg/ml_tc
860.1666666666666,1.5713046568627442,0.0598864442665997,MG1655_3,0_µg/ml_tc
867.1666666666666,1.5784713235294119,0.06243820853497858,MG1655_3,0_µg/ml_tc
874.1666666666666,1.5850379901960776,0.0634868073905412,MG1655_3,0_µg/ml_tc
881.1666666666666,1.5900379901960782,0.06359534429572619,MG1655_3,0_µg/ml_tc
888.1666666666666,1.5972713235294116,0.06609433349040014,MG1655_3,0_µg/ml_tc
895.1666666666666,1.6021713235294115,0.06595177618236825,MG1655_3,0_µg/ml_tc
902.1666666666666,1.6077046568627444,0.06600365716095352,MG1655_3,0_µg/ml_tc
909.1666666666666,1.6111379901960783,0.06439141264942483,MG1655_3,0_µg/ml_tc
916.1666666666666,1.6145713235294117,0.06341256991313714,MG1655_3,0_µg/ml_tc
923.1666666666666,1.616937990196078,0.06099331977742534,MG1655_3,0_µg/ml_tc
930.1666666666666,1.6211379901960778,0.06017886175642449,MG1655_3,0_µg/ml_tc
937.1666666666666,1.6212046568627447,0.05734754902618198,MG1655_3,0_µg/ml_tc
944.1666666666666,1.6222379901960777,0.05634728114074379,MG1655_3,0_µg/ml_tc
951.1666666666666,1.6201046568627444,0.05414132209893558,MG1655_3,0_µg/ml_tc
958.1666666666666,1.619637990196078,0.05280277770471298,MG1655_3,0_µg/ml_tc
965.1666666666666,1.6202713235294115,0.050962246562653066,MG1655_3,0_µg/ml_tc
972.1666666666666,1.618004656862745,0.047969207076896794,MG1655_3,0_µg/ml_tc
979.1666666666666,1.616971323529411,0.04676716600449458,MG1655_3,0_µg/ml_tc
986.1666666666666,1.6145713235294115,0.046537143736228984,MG1655_3,0_µg/ml_tc
993.1666666666666,1.6124713235294112,0.04646962918704654,MG1655_3,0_µg/ml_tc
1000.1666666666666,1.6094379901960778,0.0455767131505684,MG1655_3,0_µg/ml_tc
1007.1666666666666,1.6069713235294116,0.04558806054624188,MG1655_3,0_µg/ml_tc
1014.1666666666666,1.605004656862745,0.046115409945947115,MG1655_3,0_µg/ml_tc
1021.1666666666666,1.6017713235294118,0.04559032968645369,MG1655_3,0_µg/ml_tc
1028.1666666666667,1.599271323529411,0.0456286988738397,MG1655_3,0_µg/ml_tc
1035.1666666666667,1.5965713235294114,0.0457374315378352,MG1655_3,0_µg/ml_tc
1042.1666666666667,1.5944713235294115,0.046309813760959044,MG1655_3,0_µg/ml_tc
1049.1666666666667,1.5912046568627445,0.045575817846899805,MG1655_3,0_µg/ml_tc
1056.1666666666667,1.588904656862745,0.04562772901616309,MG1655_3,0_µg/ml_tc
1063.1666666666667,1.5863713235294117,0.045723557146846304,MG1655_3,0_µg/ml_tc
1070.1666666666667,1.5842379901960777,0.04571631666260311,MG1655_3,0_µg/ml_tc
1077.1666666666667,1.5816713235294118,0.04594185480570525,MG1655_3,0_µg/ml_tc
1084.1666666666667,1.5792713235294114,0.04569515429929939,MG1655_3,0_µg/ml_tc
1091.1666666666667,1.576604656862745,0.0456360036329454,MG1655_3,0_µg/ml_tc
1098.1666666666667,1.574437990196078,0.0455138730902805,MG1655_3,0_µg/ml_tc
1105.1666666666667,1.571937990196078,0.04545910123459846,MG1655_3,0_µg/ml_tc
1112.1666666666667,1.569237990196078,0.04525082078381777,MG1655_3,0_µg/ml_tc
1119.1666666666667,1.5673046568627451,0.04532381576899796,MG1655_3,0_µg/ml_tc
1126.1666666666667,1.565204656862745,0.04547735321203745,MG1655_3,0_µg/ml_tc
1133.1666666666667,1.562937990196078,0.045258402407793254,MG1655_3,0_µg/ml_tc
1140.1666666666667,1.5604713235294112,0.04507670346645038,MG1655_3,0_µg/ml_tc
1147.1666666666667,1.5583379901960783,0.04508878852414105,MG1655_3,0_µg/ml_tc
1154.1666666666667,1.5563713235294114,0.04525356403059614,MG1655_3,0_µg/ml_tc
1161.1666666666667,1.554137990196078,0.0450927651765155,MG1655_3,0_µg/ml_tc
1168.1666666666667,1.5521379901960775,0.045069818124185146,MG1655_3,0_µg/ml_tc
1175.1666666666667,1.550204656862745,0.04510046257121906,MG1655_3,0_µg/ml_tc
1182.1666666666667,1.5479713235294115,0.04499113578084661,MG1655_3,0_µg/ml_tc
1189.1666666666667,1.5464379901960776,0.045244876511873845,MG1655_3,0_µg/ml_tc
1196.1666666666667,1.544437990196078,0.045181574924339225,MG1655_3,0_µg/ml_tc
1203.1666666666667,1.5425379901960778,0.04500810910333241,MG1655_3,0_µg/ml_tc
1210.1666666666667,1.5406713235294114,0.04502450163107237,MG1655_3,0_µg/ml_tc
1217.1666666666667,1.539037990196078,0.04492087551986567,MG1655_3,0_µg/ml_tc
1224.1666666666667,1.5372713235294109,0.044972545903667414,MG1655_3,0_µg/ml_tc
1231.1666666666667,1.5354713235294115,0.045017761501153226,MG1655_3,0_µg/ml_tc
1238.1666666666667,1.5337713235294113,0.04499266862373313,MG1655_3,0_µg/ml_tc
1245.1666666666667,1.5321713235294114,0.044978717828227,MG1655_3,0_µg/ml_tc
1252.1666666666667,1.5306713235294114,0.04499845463502311,MG1655_3,0_µg/ml_tc
1259.1666666666667,1.528937990196078,0.04482508790562634,MG1655_3,0_µg/ml_tc
1266.1666666666667,1.5274046568627448,0.04491612873667606,MG1655_3,0_µg/ml_tc
1273.1666666666667,1.525871323529411,0.04489534445822852,MG1655_3,0_µg/ml_tc
1280.1666666666667,1.5243713235294114,0.04491396628907422,MG1655_3,0_µg/ml_tc
1287.1666666666667,1.523037990196078,0.04503051328196009,MG1655_3,0_µg/ml_tc
1294.1666666666667,1.5216379901960786,0.04499726683909266,MG1655_3,0_µg/ml_tc
1301.1666666666667,1.5200379901960779,0.04490782385818935,MG1655_3,0_µg/ml_tc
1308.1666666666667,1.5183713235294116,0.044869414614145474,MG1655_3,0_µg/ml_tc
1315.1666666666667,1.5172379901960782,0.04469724463723599,MG1655_3,0_µg/ml_tc
1322.1666666666667,1.5158713235294117,0.04477690548003307,MG1655_3,0_µg/ml_tc
1329.1666666666667,1.514237990196078,0.04479280525150048,MG1655_3,0_µg/ml_tc
1336.1666666666667,1.5131379901960784,0.04474192921505575,MG1655_3,0_µg/ml_tc
1343.1666666666667,1.5116713235294115,0.04478106383462677,MG1655_3,0_µg/ml_tc
1350.1666666666667,1.5102713235294118,0.04472188643647291,MG1655_3,0_µg/ml_tc
1357.1666666666667,1.5092046568627449,0.04490737593973962,MG1655_3,0_µg/ml_tc
1364.1666666666667,1.5079046568627448,0.04470932942833109,MG1655_3,0_µg/ml_tc
1371.1666666666667,1.5065713235294114,0.04464707067143634,MG1655_3,0_µg/ml_tc
1378.1666666666667,1.5053379901960782,0.04454713376230598,MG1655_3,0_µg/ml_tc
1385.1666666666667,1.5041713235294116,0.04453339183697719,MG1655_3,0_µg/ml_tc
1392.1666666666667,1.5029713235294115,0.04443898050704749,MG1655_3,0_µg/ml_tc
1399.1666666666667,1.5018379901960783,0.04452255014331913,MG1655_3,0_µg/ml_tc
1406.1666666666667,1.500604656862745,0.04448041025610853,MG1655_3,0_µg/ml_tc
1413.1666666666667,1.4993713235294117,0.04453153344838201,MG1655_3,0_µg/ml_tc
1420.1666666666667,1.4981713235294116,0.044360384107454694,MG1655_3,0_µg/ml_tc
1427.1666666666667,1.4971379901960782,0.04431290256046577,MG1655_3,0_µg/ml_tc
